# kind, long name, terminfo name, termcap name, parameter signature (n/b), introduced version
bool	auto_left_margin	bw	bw	-	system-v
bool	auto_right_margin	am	am	-	system-v
bool	no_esc_ctlc	xsb	xb	-	system-v
bool	ceol_standout_glitch	xhp	xs	-	system-v
bool	eat_newline_glitch	xenl	xn	-	system-v
bool	erase_overstrike	eo	eo	-	system-v
bool	generic_type	gn	gn	-	system-v
bool	hard_copy	hc	hc	-	system-v
bool	has_meta_key	km	km	-	system-v
bool	has_status_line	hs	hs	-	system-v
bool	insert_null_glitch	in	in	-	system-v
bool	memory_above	da	da	-	system-v
bool	memory_below	db	db	-	system-v
bool	move_insert_mode	mir	mi	-	system-v
bool	move_standout_mode	msgr	ms	-	system-v
bool	over_strike	os	os	-	system-v
bool	status_line_esc_ok	eslok	es	-	system-v
bool	dest_tabs_magic_smso	xt	xt	-	system-v
bool	tilde_glitch	hz	hz	-	system-v
bool	transparent_underline	ul	ul	-	system-v
bool	xon_xoff	xon	xo	-	system-v
bool	needs_xon_xoff	nxon	nx	-	system-v
bool	prtr_silent	mc5i	5i	-	system-v
bool	hard_cursor	chts	HC	-	system-v
bool	non_rev_rmcup	nrrmc	NR	-	system-v
bool	no_pad_char	npc	NP	-	system-v
bool	non_dest_scroll_region	ndscr	ND	-	system-v
bool	can_change	ccc	cc	-	system-v
bool	back_color_erase	bce	ut	-	system-v
bool	hue_lightness_saturation	hls	hl	-	system-v
bool	col_addr_glitch	xhpa	YA	-	system-v
bool	cr_cancels_micro_mode	crxm	YB	-	system-v
bool	has_print_wheel	daisy	YC	-	system-v
bool	row_addr_glitch	xvpa	YD	-	system-v
bool	semi_auto_right_margin	sam	YE	-	system-v
bool	cpi_changes_res	cpix	YF	-	system-v
bool	lpi_changes_res	lpix	YG	-	system-v
bool	backspaces_with_bs	OTbs	bs	-	system-v
bool	crt_no_scrolling	OTns	ns	-	system-v
bool	no_correctly_working_cr	OTnc	nc	-	system-v
bool	gnu_has_meta_key	OTMT	MT	-	system-v
bool	linefeed_is_newline	OTNL	NL	-	system-v
bool	has_hardware_tabs	OTpt	pt	-	system-v
bool	return_does_clr_eol	OTxr	xr	-	system-v
num	columns	cols	co	-	system-v
num	init_tabs	it	it	-	system-v
num	lines	lines	li	-	system-v
num	lines_of_memory	lm	lm	-	system-v
num	magic_cookie_glitch	xmc	sg	-	system-v
num	padding_baud_rate	pb	pb	-	system-v
num	virtual_terminal	vt	vt	-	system-v
num	width_status_line	wsl	ws	-	system-v
num	num_labels	nlab	Nl	-	system-v
num	label_height	lh	lh	-	system-v
num	label_width	lw	lw	-	system-v
num	max_attributes	ma	ma	-	system-v
num	maximum_windows	wnum	MW	-	system-v
num	max_colors	colors	Co	-	system-v
num	max_pairs	pairs	pa	-	system-v
num	no_color_video	ncv	NC	-	system-v
num	buffer_capacity	bufsz	Ya	-	system-v
num	dot_vert_spacing	spinv	Yb	-	system-v
num	dot_horz_spacing	spinh	Yc	-	system-v
num	max_micro_address	maddr	Yd	-	system-v
num	max_micro_jump	mjump	Ye	-	system-v
num	micro_col_size	mcs	Yf	-	system-v
num	micro_line_size	mls	Yg	-	system-v
num	number_of_pins	npins	Yh	-	system-v
num	output_res_char	orc	Yi	-	system-v
num	output_res_line	orl	Yj	-	system-v
num	output_res_horz_inch	orhi	Yk	-	system-v
num	output_res_vert_inch	orvi	Yl	-	system-v
num	print_rate	cps	Ym	-	system-v
num	wide_char_size	widcs	Yn	-	system-v
num	buttons	btns	BT	-	system-v
num	bit_image_entwining	bitwin	Yo	-	system-v
num	bit_image_type	bitype	Yp	-	system-v
num	magic_cookie_glitch_ul	OTug	ug	-	system-v
num	carriage_return_delay	OTdC	dC	-	system-v
num	new_line_delay	OTdN	dN	-	system-v
num	backspace_delay	OTdB	dB	-	system-v
num	horizontal_tab_delay	OTdT	dT	-	system-v
num	number_of_function_keys	OTkn	kn	-	system-v
str	back_tab	cbt	bt	-	system-v
str	bell	bel	bl	-	system-v
str	carriage_return	cr	cr	-	system-v
str	change_scroll_region	csr	cs	n,n	system-v
str	clear_all_tabs	tbc	ct	-	system-v
str	clear_screen	clear	cl	-	system-v
str	clr_eol	el	ce	-	system-v
str	clr_eos	ed	cd	-	system-v
str	column_address	hpa	ch	n	system-v
str	command_character	cmdch	CC	-	system-v
str	cursor_address	cup	cm	n,n	system-v
str	cursor_down	cud1	do	-	system-v
str	cursor_home	home	ho	-	system-v
str	cursor_invisible	civis	vi	-	system-v
str	cursor_left	cub1	le	-	system-v
str	cursor_mem_address	mrcup	CM	n,n	system-v
str	cursor_normal	cnorm	ve	-	system-v
str	cursor_right	cuf1	nd	-	system-v
str	cursor_to_ll	ll	ll	-	system-v
str	cursor_up	cuu1	up	-	system-v
str	cursor_visible	cvvis	vs	-	system-v
str	delete_character	dch1	dc	-	system-v
str	delete_line	dl1	dl	-	system-v
str	dis_status_line	dsl	ds	-	system-v
str	down_half_line	hd	hd	-	system-v
str	enter_alt_charset_mode	smacs	as	-	system-v
str	enter_blink_mode	blink	mb	-	system-v
str	enter_bold_mode	bold	md	-	system-v
str	enter_ca_mode	smcup	ti	-	system-v
str	enter_delete_mode	smdc	dm	-	system-v
str	enter_dim_mode	dim	mh	-	system-v
str	enter_insert_mode	smir	im	-	system-v
str	enter_secure_mode	invis	mk	-	system-v
str	enter_protected_mode	prot	mp	-	system-v
str	enter_reverse_mode	rev	mr	-	system-v
str	enter_standout_mode	smso	so	-	system-v
str	enter_underline_mode	smul	us	-	system-v
str	erase_chars	ech	ec	n	system-v
str	exit_alt_charset_mode	rmacs	ae	-	system-v
str	exit_attribute_mode	sgr0	me	-	system-v
str	exit_ca_mode	rmcup	te	-	system-v
str	exit_delete_mode	rmdc	ed	-	system-v
str	exit_insert_mode	rmir	ei	-	system-v
str	exit_standout_mode	rmso	se	-	system-v
str	exit_underline_mode	rmul	ue	-	system-v
str	flash_screen	flash	vb	-	system-v
str	form_feed	ff	ff	-	system-v
str	from_status_line	fsl	fs	-	system-v
str	init_1string	is1	i1	-	system-v
str	init_2string	is2	is	-	system-v
str	init_3string	is3	i3	-	system-v
str	init_file	if	if	-	system-v
str	insert_character	ich1	ic	-	system-v
str	insert_line	il1	al	-	system-v
str	insert_padding	ip	ip	-	system-v
str	key_backspace	kbs	kb	-	system-v
str	key_catab	ktbc	ka	-	system-v
str	key_clear	kclr	kC	-	system-v
str	key_ctab	kctab	kt	-	system-v
str	key_dc	kdch1	kD	-	system-v
str	key_dl	kdl1	kL	-	system-v
str	key_down	kcud1	kd	-	system-v
str	key_eic	krmir	kM	-	system-v
str	key_eol	kel	kE	-	system-v
str	key_eos	ked	kS	-	system-v
str	key_f0	kf0	k0	-	system-v
str	key_f1	kf1	k1	-	system-v
str	key_f10	kf10	k;	-	system-v
str	key_f2	kf2	k2	-	system-v
str	key_f3	kf3	k3	-	system-v
str	key_f4	kf4	k4	-	system-v
str	key_f5	kf5	k5	-	system-v
str	key_f6	kf6	k6	-	system-v
str	key_f7	kf7	k7	-	system-v
str	key_f8	kf8	k8	-	system-v
str	key_f9	kf9	k9	-	system-v
str	key_home	khome	kh	-	system-v
str	key_ic	kich1	kI	-	system-v
str	key_il	kil1	kA	-	system-v
str	key_left	kcub1	kl	-	system-v
str	key_ll	kll	kH	-	system-v
str	key_npage	knp	kN	-	system-v
str	key_ppage	kpp	kP	-	system-v
str	key_right	kcuf1	kr	-	system-v
str	key_sf	kind	kF	-	system-v
str	key_sr	kri	kR	-	system-v
str	key_stab	khts	kT	-	system-v
str	key_up	kcuu1	ku	-	system-v
str	keypad_local	rmkx	ke	-	system-v
str	keypad_xmit	smkx	ks	-	system-v
str	lab_f0	lf0	l0	-	system-v
str	lab_f1	lf1	l1	-	system-v
str	lab_f10	lf10	la	-	system-v
str	lab_f2	lf2	l2	-	system-v
str	lab_f3	lf3	l3	-	system-v
str	lab_f4	lf4	l4	-	system-v
str	lab_f5	lf5	l5	-	system-v
str	lab_f6	lf6	l6	-	system-v
str	lab_f7	lf7	l7	-	system-v
str	lab_f8	lf8	l8	-	system-v
str	lab_f9	lf9	l9	-	system-v
str	meta_off	rmm	mo	-	system-v
str	meta_on	smm	mm	-	system-v
str	newline	nel	nw	-	system-v
str	pad_char	pad	pc	-	system-v
str	parm_dch	dch	DC	n	system-v
str	parm_delete_line	dl	DL	n	system-v
str	parm_down_cursor	cud	DO	n	system-v
str	parm_ich	ich	IC	n	system-v
str	parm_index	indn	SF	n	system-v
str	parm_insert_line	il	AL	n	system-v
str	parm_left_cursor	cub	LE	n	system-v
str	parm_right_cursor	cuf	RI	n	system-v
str	parm_rindex	rin	SR	n	system-v
str	parm_up_cursor	cuu	UP	n	system-v
str	pkey_key	pfkey	pk	n,b	system-v
str	pkey_local	pfloc	pl	n,b	system-v
str	pkey_xmit	pfx	px	n,b	system-v
str	print_screen	mc0	ps	-	system-v
str	prtr_off	mc4	pf	-	system-v
str	prtr_on	mc5	po	-	system-v
str	repeat_char	rep	rp	n,n	system-v
str	reset_1string	rs1	r1	-	system-v
str	reset_2string	rs2	r2	-	system-v
str	reset_3string	rs3	r3	-	system-v
str	reset_file	rf	rf	-	system-v
str	restore_cursor	rc	rc	-	system-v
str	row_address	vpa	cv	n	system-v
str	save_cursor	sc	sc	-	system-v
str	scroll_forward	ind	sf	-	system-v
str	scroll_reverse	ri	sr	-	system-v
str	set_attributes	sgr	sa	n,n,n,n,n,n,n,n,n	system-v
str	set_tab	hts	st	-	system-v
str	set_window	wind	wi	n,n	system-v
str	tab	ht	ta	-	system-v
str	to_status_line	tsl	ts	-	system-v
str	underline_char	uc	uc	-	system-v
str	up_half_line	hu	hu	-	system-v
str	init_prog	iprog	iP	-	system-v
str	key_a1	ka1	K1	-	system-v
str	key_a3	ka3	K3	-	system-v
str	key_b2	kb2	K2	-	system-v
str	key_c1	kc1	K4	-	system-v
str	key_c3	kc3	K5	-	system-v
str	prtr_non	mc5p	pO	n	system-v
str	char_padding	rmp	rP	-	system-v
str	acs_chars	acsc	ac	-	system-v
str	plab_norm	pln	pn	n	system-v
str	key_btab	kcbt	kB	-	system-v
str	enter_xon_mode	smxon	SX	-	system-v
str	exit_xon_mode	rmxon	RX	-	system-v
str	enter_am_mode	smam	SA	-	system-v
str	exit_am_mode	rmam	RA	-	system-v
str	xon_character	xonc	XN	-	system-v
str	xoff_character	xoffc	XF	-	system-v
str	ena_acs	enacs	eA	-	system-v
str	label_on	smln	LO	-	system-v
str	label_off	rmln	LF	-	system-v
str	key_beg	kbeg	@1	-	system-v
str	key_cancel	kcan	@2	-	system-v
str	key_close	kclo	@3	-	system-v
str	key_command	kcmd	@4	-	system-v
str	key_copy	kcpy	@5	-	system-v
str	key_create	kcrt	@6	-	system-v
str	key_end	kend	@7	-	system-v
str	key_enter	kent	@8	-	system-v
str	key_exit	kext	@9	-	system-v
str	key_find	kfnd	@0	-	system-v
str	key_help	khlp	%1	-	system-v
str	key_mark	kmrk	%2	-	system-v
str	key_message	kmsg	%3	-	system-v
str	key_move	kmov	%4	-	system-v
str	key_next	knxt	%5	-	system-v
str	key_open	kopn	%6	-	system-v
str	key_options	kopt	%7	-	system-v
str	key_previous	kprv	%8	-	system-v
str	key_print	kprt	%9	-	system-v
str	key_redo	krdo	%0	-	system-v
str	key_reference	kref	&1	-	system-v
str	key_refresh	krfr	&2	-	system-v
str	key_replace	krpl	&3	-	system-v
str	key_restart	krst	&4	-	system-v
str	key_resume	kres	&5	-	system-v
str	key_save	ksav	&6	-	system-v
str	key_suspend	kspd	&7	-	system-v
str	key_undo	kund	&8	-	system-v
str	key_sbeg	kBEG	&9	-	system-v
str	key_scancel	kCAN	&0	-	system-v
str	key_scommand	kCMD	*1	-	system-v
str	key_scopy	kCPY	*2	-	system-v
str	key_screate	kCRT	*3	-	system-v
str	key_sdc	kDC	*4	-	system-v
str	key_sdl	kDL	*5	-	system-v
str	key_select	kslt	*6	-	system-v
str	key_send	kEND	*7	-	system-v
str	key_seol	kEOL	*8	-	system-v
str	key_sexit	kEXT	*9	-	system-v
str	key_sfind	kFND	*0	-	system-v
str	key_shelp	kHLP	#1	-	system-v
str	key_shome	kHOM	#2	-	system-v
str	key_sic	kIC	#3	-	system-v
str	key_sleft	kLFT	#4	-	system-v
str	key_smessage	kMSG	%a	-	system-v
str	key_smove	kMOV	%b	-	system-v
str	key_snext	kNXT	%c	-	system-v
str	key_soptions	kOPT	%d	-	system-v
str	key_sprevious	kPRV	%e	-	system-v
str	key_sprint	kPRT	%f	-	system-v
str	key_sredo	kRDO	%g	-	system-v
str	key_sreplace	kRPL	%h	-	system-v
str	key_sright	kRIT	%i	-	system-v
str	key_srsume	kRES	%j	-	system-v
str	key_ssave	kSAV	!1	-	system-v
str	key_ssuspend	kSPD	!2	-	system-v
str	key_sundo	kUND	!3	-	system-v
str	req_for_input	rfi	RF	-	system-v
str	key_f11	kf11	F1	-	system-v
str	key_f12	kf12	F2	-	system-v
str	key_f13	kf13	F3	-	system-v
str	key_f14	kf14	F4	-	system-v
str	key_f15	kf15	F5	-	system-v
str	key_f16	kf16	F6	-	system-v
str	key_f17	kf17	F7	-	system-v
str	key_f18	kf18	F8	-	system-v
str	key_f19	kf19	F9	-	system-v
str	key_f20	kf20	FA	-	system-v
str	key_f21	kf21	FB	-	system-v
str	key_f22	kf22	FC	-	system-v
str	key_f23	kf23	FD	-	system-v
str	key_f24	kf24	FE	-	system-v
str	key_f25	kf25	FF	-	system-v
str	key_f26	kf26	FG	-	system-v
str	key_f27	kf27	FH	-	system-v
str	key_f28	kf28	FI	-	system-v
str	key_f29	kf29	FJ	-	system-v
str	key_f30	kf30	FK	-	system-v
str	key_f31	kf31	FL	-	system-v
str	key_f32	kf32	FM	-	system-v
str	key_f33	kf33	FN	-	system-v
str	key_f34	kf34	FO	-	system-v
str	key_f35	kf35	FP	-	system-v
str	key_f36	kf36	FQ	-	system-v
str	key_f37	kf37	FR	-	system-v
str	key_f38	kf38	FS	-	system-v
str	key_f39	kf39	FT	-	system-v
str	key_f40	kf40	FU	-	system-v
str	key_f41	kf41	FV	-	system-v
str	key_f42	kf42	FW	-	system-v
str	key_f43	kf43	FX	-	system-v
str	key_f44	kf44	FY	-	system-v
str	key_f45	kf45	FZ	-	system-v
str	key_f46	kf46	Fa	-	system-v
str	key_f47	kf47	Fb	-	system-v
str	key_f48	kf48	Fc	-	system-v
str	key_f49	kf49	Fd	-	system-v
str	key_f50	kf50	Fe	-	system-v
str	key_f51	kf51	Ff	-	system-v
str	key_f52	kf52	Fg	-	system-v
str	key_f53	kf53	Fh	-	system-v
str	key_f54	kf54	Fi	-	system-v
str	key_f55	kf55	Fj	-	system-v
str	key_f56	kf56	Fk	-	system-v
str	key_f57	kf57	Fl	-	system-v
str	key_f58	kf58	Fm	-	system-v
str	key_f59	kf59	Fn	-	system-v
str	key_f60	kf60	Fo	-	system-v
str	key_f61	kf61	Fp	-	system-v
str	key_f62	kf62	Fq	-	system-v
str	key_f63	kf63	Fr	-	system-v
str	clr_bol	el1	cb	-	system-v
str	clear_margins	mgc	MC	-	system-v
str	set_left_margin	smgl	ML	-	system-v
str	set_right_margin	smgr	MR	-	system-v
str	label_format	fln	Lf	-	system-v
str	set_clock	sclk	SC	n,n,n	system-v
str	display_clock	dclk	DK	-	system-v
str	remove_clock	rmclk	RC	-	system-v
str	create_window	cwin	CW	n,n,n,n,n	system-v
str	goto_window	wingo	WG	-	system-v
str	hangup	hup	HU	-	system-v
str	dial_phone	dial	DI	-	system-v
str	quick_dial	qdial	QD	-	system-v
str	tone	tone	TO	-	system-v
str	pulse	pulse	PU	-	system-v
str	flash_hook	hook	fh	-	system-v
str	fixed_pause	pause	PA	-	system-v
str	wait_tone	wait	WA	-	system-v
str	user0	u0	u0	-	system-v
str	user1	u1	u1	-	system-v
str	user2	u2	u2	-	system-v
str	user3	u3	u3	-	system-v
str	user4	u4	u4	-	system-v
str	user5	u5	u5	-	system-v
str	user6	u6	u6	-	system-v
str	user7	u7	u7	-	system-v
str	user8	u8	u8	-	system-v
str	user9	u9	u9	-	system-v
str	orig_pair	op	op	-	system-v
str	orig_colors	oc	oc	-	system-v
str	initialize_color	initc	Ic	n,n,n,n	system-v
str	initialize_pair	initp	Ip	n,n,n,n,n,n,n	system-v
str	set_color_pair	scp	sp	n	system-v
str	set_foreground	setf	Sf	n	system-v
str	set_background	setb	Sb	n	system-v
str	change_char_pitch	cpi	ZA	n	system-v
str	change_line_pitch	lpi	ZB	n	system-v
str	change_res_horz	chr	ZC	n	system-v
str	change_res_vert	cvr	ZD	n	system-v
str	define_char	defc	ZE	n,n,n	system-v
str	enter_doublewide_mode	swidm	ZF	-	system-v
str	enter_draft_quality	sdrfq	ZG	-	system-v
str	enter_italics_mode	sitm	ZH	-	system-v
str	enter_leftward_mode	slm	ZI	-	system-v
str	enter_micro_mode	smicm	ZJ	-	system-v
str	enter_near_letter_quality	snlq	ZK	-	system-v
str	enter_normal_quality	snrmq	ZL	-	system-v
str	enter_shadow_mode	sshm	ZM	-	system-v
str	enter_subscript_mode	ssubm	ZN	-	system-v
str	enter_superscript_mode	ssupm	ZO	-	system-v
str	enter_upward_mode	sum	ZP	-	system-v
str	exit_doublewide_mode	rwidm	ZQ	-	system-v
str	exit_italics_mode	ritm	ZR	-	system-v
str	exit_leftward_mode	rlm	ZS	-	system-v
str	exit_micro_mode	rmicm	ZT	-	system-v
str	exit_shadow_mode	rshm	ZU	-	system-v
str	exit_subscript_mode	rsubm	ZV	-	system-v
str	exit_superscript_mode	rsupm	ZW	-	system-v
str	exit_upward_mode	rum	ZX	-	system-v
str	micro_column_address	mhpa	ZY	n	system-v
str	micro_down	mcud1	ZZ	-	system-v
str	micro_left	mcub1	Za	-	system-v
str	micro_right	mcuf1	Zb	-	system-v
str	micro_row_address	mvpa	Zc	n	system-v
str	micro_up	mcuu1	Zd	-	system-v
str	order_of_pins	porder	Ze	-	system-v
str	parm_down_micro	mcud	Zf	n	system-v
str	parm_left_micro	mcub	Zg	n	system-v
str	parm_right_micro	mcuf	Zh	n	system-v
str	parm_up_micro	mcuu	Zi	n	system-v
str	select_char_set	scs	Zj	n	system-v
str	set_bottom_margin	smgb	Zk	-	system-v
str	set_bottom_margin_parm	smgbp	Zl	n	system-v
str	set_left_margin_parm	smglp	Zm	n	system-v
str	set_right_margin_parm	smgrp	Zn	n	system-v
str	set_top_margin	smgt	Zo	-	system-v
str	set_top_margin_parm	smgtp	Zp	n	system-v
str	start_bit_image	sbim	Zq	-	system-v
str	start_char_set_def	scsd	Zr	-	system-v
str	stop_bit_image	rbim	Zs	-	system-v
str	stop_char_set_def	rcsd	Zt	-	system-v
str	subscript_characters	subcs	Zu	-	system-v
str	superscript_characters	supcs	Zv	-	system-v
str	these_cause_cr	docr	Zw	-	system-v
str	zero_motion	zerom	Zx	-	system-v
str	char_set_names	csnm	Zy	n	system-v
str	key_mouse	kmous	Km	-	system-v
str	mouse_info	minfo	Mi	-	system-v
str	req_mouse_pos	reqmp	RQ	-	system-v
str	get_mouse	getm	Gm	n	system-v
str	set_a_foreground	setaf	AF	n	system-v
str	set_a_background	setab	AB	n	system-v
str	pkey_plab	pfxl	xl	n,b,b	system-v
str	device_type	devt	dv	-	system-v
str	code_set_init	csin	ci	-	system-v
str	set0_des_seq	s0ds	s0	-	system-v
str	set1_des_seq	s1ds	s1	-	system-v
str	set2_des_seq	s2ds	s2	-	system-v
str	set3_des_seq	s3ds	s3	-	system-v
str	set_lr_margin	smglr	ML	n,n	system-v
str	set_tb_margin	smgtb	MT	n,n	system-v
str	bit_image_repeat	birep	Xy	n,n	system-v
str	bit_image_newline	binel	Zz	-	system-v
str	bit_image_carriage_return	bicr	Yv	-	system-v
str	color_names	colornm	Yw	-	system-v
str	define_bit_image_region	defbi	Yx	-	system-v
str	end_bit_image_region	endbi	Yy	-	system-v
str	set_color_band	setcolor	Yz	-	system-v
str	set_page_length	slines	YZ	n	system-v
str	display_pc_char	dispc	S1	n	system-v
str	enter_pc_charset_mode	smpch	S2	-	system-v
str	exit_pc_charset_mode	rmpch	S3	-	system-v
str	enter_scancode_mode	smsc	S4	-	system-v
str	exit_scancode_mode	rmsc	S5	-	system-v
str	pc_term_options	pctrm	S6	-	system-v
str	scancode_escape	scesc	S7	-	system-v
str	alt_scancode_esc	scesa	S8	-	system-v
str	enter_horizontal_hl_mode	ehhlm	Xh	-	system-v
str	enter_left_hl_mode	elhlm	Xl	-	system-v
str	enter_low_hl_mode	elohlm	Xo	-	system-v
str	enter_right_hl_mode	erhlm	Xr	-	system-v
str	enter_top_hl_mode	ethlm	Xt	-	system-v
str	enter_vertical_hl_mode	evhlm	Xv	-	system-v
str	set_a_attributes	sgr1	sA	n,n,n,n,n,n	system-v
str	set_pglen_inch	slength	YI	n	system-v
str	termcap_init2	OTi2	i2	-	system-v
str	termcap_reset	OTrs	rs	-	system-v
str	linefeed_if_not_lf	OTnl	nl	-	system-v
str	backspace_if_not_bs	OTbc	bc	-	system-v
str	other_non_function_keys	OTko	ko	-	system-v
str	arrow_key_map	OTma	ma	-	system-v
str	acs_ulcorner	OTG2	G2	-	system-v
str	acs_llcorner	OTG3	G3	-	system-v
str	acs_urcorner	OTG1	G1	-	system-v
str	acs_lrcorner	OTG4	G4	-	system-v
str	acs_ltee	OTGR	GR	-	system-v
str	acs_rtee	OTGL	GL	-	system-v
str	acs_btee	OTGU	GU	-	system-v
str	acs_ttee	OTGD	GD	-	system-v
str	acs_hline	OTGH	GH	-	system-v
str	acs_vline	OTGV	GV	-	system-v
str	acs_plus	OTGC	GC	-	system-v
str	memory_lock	meml	ml	-	system-v
str	memory_unlock	memu	mu	-	system-v
str	box_chars_1	box1	bx	-	system-v
